Filename	BibTex
16_personalityfactors	@misc{16PF,   title = {Catell's 16 Personality Factors Test [dataset and codebook]},   howpublished = {\\url{http://openpsychometrics.org/_rawdata/16PF.zip}},   note = {Accessed via http://openpsychometrics.org/_rawdata/},   year = {n.d.} }
4thgrade_math_sirt	@Manual{Robitzsch2022,   title = {sirt: Supplementary Item Response Theory Models},   author = {Alexander Robitzsch},   year = {2022},   note = {R package version 3.12-66},   url = {https://CRAN.R-project.org/package=sirt} }
abortion	@book{mcgrath1986british,   title={British social attitudes, 1983-86 panel survey},   author={McGrath, K. and Waterton, J.},   year={1986},   publisher={SCPR},   address={London},   url={https://cran.r-project.org/web/packages/ltm/index.html} }
acl_mokken	@book{gough1980adjective,   title={The Adjective Check List, Manual 1980 Edition},   author={Gough, Harrison G. and Heilbrun, Alfred B.},   year={1980},   publisher={Consulting Psychologists Press},   url={https://cran.r-project.org/web/packages/mokken/index.html} }
anxiety_lordif	@manual{promis2008,   title = {Unpublished Manual for the Patient-Reported Outcomes Measurement Information System (PROMIS) Version 1.1},   author = {{PROMIS Cooperative Group}},   year = {2008},   month = {October},   url = {http://www.nihpromis.org},   note = {Available at: https://cran.r-project.org/web/packages/lordif/index.html} }
approaches_to_text_study1	@dataset{calloway_study_2023,   author = {Calloway, Regina C. and Helder, Anne and Perfetti, Charles A.},   title = {Study 1 {TReATQ}, {RH}, {NFC} Raw Data from 'A measure of individual differences in readers\' approaches to text and its relation to reading experience and reading comprehension'},   year = {2023},   publisher = {OSF},   journal = {Behavior Research Methods},   volume = {55},   number = {2},   pages = {899--931},   url = {https://osf.io/e7xpy/?view_only=0b3180a18cd94803a7c743096c95dd79} }
approaches_to_text_study2	@dataset{calloway_study2_2023,   author = {Calloway, Regina C. and Helder, Anne and Perfetti, Charles A.},   title = {Study 2 Data from 'A measure of individual differences in readers\' approaches to text and its relation to reading experience and reading comprehension'},   year = {2023},   publisher = {OSF},   journal = {Behavior Research Methods},   volume = {55},   number = {2},   pages = {899--931},   url = {https://osf.io/e7xpy/?view_only=0b3180a18cd94803a7c743096c95dd80},   type = {dataset} }
artistic_preferences	@misc{APS_dataset,   title = {Artistic Preferences Scale [dataset and codebook]},   howpublished = {\\url{http://openpsychometrics.org/_rawdata/APS_data.zip}},   note = {Accessed via http://openpsychometrics.org/_rawdata/},   year = {n.d.} }
assistments_0910	@misc{assistments2010,   title = {2009-2010 {ASSISTment} Data},   year = {2010},   url = {https://sites.google.com/site/assistmentsdata/home/2009-2010-assistment-data},   howpublished = {\\url{https://sites.google.com/site/assistmentsdata/home/2009-2010-assistment-data}},   organization = {ASSISTments} }
assistments_1213	@misc{assistments_2012,   title={2012-13 School Data with Affect},   author={{ASSISTments}},   year={2012},   howpublished={\\url{https://sites.google.com/site/assistmentsdata/datasets/2012-13-school-data-with-affect}},   note={Accessed through ASSISTments Data} }
assistments_1516	@misc{assistments2015,     title = {2015 {ASSISTments} Skill Builder Data},     author = {{ASSISTments}},     year = {2015},     url = {https://sites.google.com/site/assistmentsdata/datasets/2015-assistments-skill-builder-data},     howpublished = {\\url{https://sites.google.com/site/assistmentsdata/datasets/2015-assistments-skill-builder-data}},     note = {Accessed: ASSISTments Data} }
assistments_2017	@misc{assistmentsdata,   title = {ASSISTments Data Mining Competition 2017},   author = {{ASSISTments}},   year = {2017},   url = {https://sites.google.com/view/assistmentsdatamining/dataset},   urldate = {2024-01-09},   howpublished = {\\url{https://sites.google.com/view/assistmentsdatamining/dataset}} }
balance_mokken	@incollection{van1989problem,   title={Problem solving strategies and the linear logistic test model},   author={Van Maanen, L. and Been, P. H. and Sijtsma, K.},   booktitle={Mathematical psychology in progress},   pages={267--287},   year={1989},   publisher={Springer} }
blocked_interleaved_instruction	@misc{patel2017dissertation,   author = {Patel, R. and Liu, R. and Koedinger, K.},   title = {Dissertation data},   year = {2017},   note = {DataShop @ CMU},   howpublished = {\\url{https://pslcdatashop.web.cmu.edu/DatasetInfo?datasetId=1190}},   type = {dataset} }
brain_hemisphere	@misc{jorgenson2016ohbds,   author = {Jorgenson, E.},   title = {Open Hemispheric Brain Dominance Scale [dataset and codebook]},   year = {2016},   url = {http://openpsychometrics.org/_rawdata/OHBDS-data.zip},   note = {Retrieved from http://openpsychometrics.org/_rawdata/} }
cavalini_mokken	@phdthesis{cavalini1992ill,   title={It's an ill wind that brings no good. Studies on odour annoyance and the dispersion of odorant concentrations from industries},   author={Cavalini, P. M.},   year={1992},   school={University of Groningen},   address={The Netherlands},   type={Doctoral dissertation},   note={Available at: https://cran.r-project.org/web/packages/mokken/index.html} }
cdm_hr	@article{ravand2013exploring,   title={Exploring diagnostic capacity of a high stakes reading comprehension test: A pedagogical demonstration},   author={Ravand, H. and Barati, H. and Widhiarso, W.},   journal={Iranian Journal of Language Testing},   volume={3},   number={1},   pages={1--27},   year={2013},   url={https://cran.r-project.org/web/packages/CDM/index.html} }
cdm_timss11	@article{george2014multiple,   title={Multiple group cognitive diagnosis models, with an emphasis on differential item functioning},   author={George, Ann C and Robitzsch, Alexander},   journal={Psychological Test and Assessment Modeling},   volume={56},   number={4},   pages={405--432},   year={2014},   url={https://cran.r-project.org/web/packages/CDM/index.html} }
chinese_vocabulary_learning	@misc{pavlik2011motivation,   author = {Pavlik, P.},   title = {Motivation and Metacognition in {Chinese} Vocabulary Learning, Experiment 4},   year = {2011},   note = {[data set]},   publisher = {DataShop @ CMU},   url = {https://pslcdatashop.web.cmu.edu/DatasetInfo?datasetId=459} }
close_relationships	@misc{ECR2018,   title = {Experiences in Close Relationships Scale [dataset and codebook]},   year = {2018},   url = {http://openpsychometrics.org/_rawdata/ECR-data-1March2018.zip},   note = {Retrieved from http://openpsychometrics.org/_rawdata/} }
cmu_algebra_2006	@misc{stamper2010algebra,   title={Algebra {I} 2005-2006. {Development} data set from {KDD Cup} 2010 {Educational Data Mining Challenge}},   author={Stamper, John and Niculescu-Mizil, Alexandru and Ritter, Steven and Gordon, Geoffrey J and Koedinger, Kenneth R},   year={2010},   howpublished={\\url{http://pslcdatashop.web.cmu.edu/KDDCup/downloads.jsp}} }
cmu_algebra_2007	@misc{stamper2010algebra,   title={Algebra {I} 2006-2007. {Development} data set from {KDD Cup} 2010 {Educational Data Mining Challenge}},   author={Stamper, John and Niculescu-Mizil, Alexandru and Ritter, Steven and Gordon, Geoffrey J and Koedinger, Kenneth R},   year={2010},   howpublished={\\url{http://pslcdatashop.web.cmu.edu/KDDCup/downloads.jsp}} }
cmu_algebra_2009	@misc{stamper2010algebra,   title={Algebra {I} 2008-2009. {Challenge} data set from {KDD Cup} 2010 {Educational Data Mining Challenge}},   author={Stamper, John and Niculescu-Mizil, Alexandru and Ritter, Steven and Gordon, Geoffrey J and Koedinger, Kenneth R},   year={2010},   howpublished={\\url{http://pslcdatashop.web.cmu.edu/KDDCup/downloads.jsp}} }
cmu_bridging_algebra_2007	@misc{stamper2010bridge,   title={Bridge to Algebra 2006-2007. Development data set from {KDD} Cup 2010 {Educational Data Mining Challenge}},   author={Stamper, John and Niculescu-Mizil, Alexandru and Ritter, Steven and Gordon, Geoffrey J and Koedinger, Kenneth R},   year={2010},   howpublished={\\url{http://pslcdatashop.web.cmu.edu/KDDCup/downloads.jsp}} }
cmu_bridging_algebra_2009	@misc{stamper2010bridge,   title={Bridge to Algebra 2008-2009. Challenge data set from {KDD} Cup 2010 {Educational Data Mining Challenge}},   author={Stamper, John and Niculescu-Mizil, Alexandru and Ritter, Steven and Gordon, Geoffrey J and Koedinger, Kenneth R},   year={2010},   howpublished={\\url{http://pslcdatashop.web.cmu.edu/KDDCup/downloads.jsp}} }
consideration_future_consequences	@misc{CFCS_dataset,   title = {Consideration of Future Consequences Scale [dataset and codebook]},   howpublished = {\\url{http://openpsychometrics.org/_rawdata/CFCS.zip}},   url = {http://openpsychometrics.org/_rawdata/},   year = {n.d.} }
credentialform_lnirt	@book{cizek2016handbook,   title={Handbook of quantitative methods for detecting cheating on tests},   editor={Cizek, Gregory J and Wollack, James A},   year={2016},   publisher={Routledge},   address={Abingdon, England},   url={https://cran.r-project.org/web/packages/LNIRT/index.html} }
csedm_data_challenge	@misc{rivers2019csedm,     author = {Rivers, Kenneth and Price, Thomas},     title = {{CSEDM} Data Challenge v1.1},     year = {2019},     note = {Updated 2019/01/29},     howpublished = {DataShop @ CMU},     url = {https://pslcdatashop.web.cmu.edu/Files?datasetId=2865},     type = {data set} }
csedm_data_challenge_fall2019full	@misc{rivers2019csedm,     author = {Rivers, Kenneth and Price, Thomas},     title = {2nd {CSEDM} Data Challenge - {F19} All Data v1.0},     year = {2019},     note = {[data set]},     publisher = {DataShop @ CMU},     url = {https://pslcdatashop.web.cmu.edu/Files?datasetId=2865} }
csedm_data_challenge_spring2019full	@misc{rivers2019csedm,     author = {Rivers, Kenneth and Price, Thomas},     title = {2nd {CSEDM} Data Challenge - {S19} All Data v1.0},     year = {2019},     note = {[data set]},     publisher = {DataShop @ CMU},     url = {https://pslcdatashop.web.cmu.edu/Files?datasetId=2866} }
cub_relgoods	@misc{CUB,   title = {CUB: A Class of Statistical Models for Ordinal Data},   author = {Maria Iannario and Domenico Piccolo and Rosaria Simone},   year = {2023},   url = {https://cran.r-project.org/web/packages/CUB/index.html},   note = {R package} }
DbdIFdM_Puga_2021	@misc{Puga2022,   author = {Puga, J. L. and Garc√≠a, M. S. and Moya-Faz, F. J. and Moya-Faz, FJ and Ruiz-Ruano, A. M.},   title = {Datos brutos del {Inventario} {Friburgo} de {Mindfulness}},   year = {2022},   note = {Retrieved from osf.io/ymj6u},   url = {https://osf.io/ymj6u/},   month = {February} }
depression_anxiety_stress	@misc{dass2021,   title = {Depression Anxiety Stress Scales [dataset and codebook]},   year = {2021},   url = {http://openpsychometrics.org/_rawdata/DASS_data_21.02.19.zip},   note = {Retrieved from http://openpsychometrics.org/_rawdata/} }
digital_games_kentucky	@misc{lomas2011classroom,   author = {Lomas, Derek},   title = {Classroom: Exp1 - {UCLA}-{Kentucky}},   year = {2011},   note = {[dataset]},   publisher = {DataShop @ CMU},   url = {https://pslcdatashop.web.cmu.edu/Files?datasetId=445} }
Ellipse_Corssley_2024	@article{crossley2023measuring,   title={Measuring second language proficiency using the {English} {Language} {Learner} {Insight}, {Proficiency} and {Skills} {Evaluation} ({ELLIPSE}) {Corpus}},   author={Crossley, Scott A. and Tian, Yingfei and Baffour, Perpetual and Franklin, Ashleigh and Kim, Yeonjoo and Morris, William and Benner, Benjamin and Picou, Amanda and Boser, Ulrich},   journal={International Journal of Learner Corpus Research},   volume={9},   number={2},   pages={248--269},   year={2023},   url={https://github.com/scrosseye/ELLIPSE-Corpus?tab=readme-ov-file#readme} }
elpi_ninos_2017	@misc{elpi2017,     title = {ELPI Tercera Ronda},     author = {{Ministerio de Desarrollo Social}},     year = {2017},     url = {http://observatorio.ministeriodesarrollosocial.gob.cl/elpi-tercera-ronda},     institution = {Ministerio de Desarrollo Social},     note = {Accessed through Observatorio Social},     language = {spanish} }
emotion_pcmrs	@misc{ZPID2013,   author = {ZPID},   title = {PsychData of the {Leibniz} {Institute} for {Psychology} {Information} {ZPID}},   year = {2013},   address = {Trier},   publisher = {Center for Research Data in Psychology},   url = {https://cran.r-project.org/web/packages/PCMRS/index.html} }
empathizing_systemizing	@misc{EQSQ,   title = {Empathizing-Systemizing Test [dataset and codebook]},   howpublished = {\\url{http://openpsychometrics.org/_rawdata/EQSQ.zip}},   year = {n.d.},   url = {http://openpsychometrics.org/_rawdata/} }
environment_ltm	@book{brook1991british,   title={British Social Attitudes, 1990, Survey},   author={Brook, L. and Taylor, B. and Prior, G.},   year={1991},   publisher={SCPR},   address={London},   url={https://cran.r-project.org/web/packages/ltm/index.html} }
estcrm_selfeff	@article{kan2009effect,   title={Effect of scale response format on psychometric properties in teaching self-efficacy},   author={Kan, A.},   journal={Euroasian Journal of Educational Research},   volume={34},   pages={215--228},   year={2009},   url={https://cran.r-project.org/web/packages/EstCRM/index.html} }
eurpar2_mudfold	@phdthesis{schuur1984structure,   title={Structure in political beliefs: A new model for stochastic unfolding with application to European party activists},   author={Schuur, H. V.},   year={1984},   school={Rijksuniversiteit te Groningen},   url={https://cran.r-project.org/web/packages/mudfold/index.html} }
experimental_iq	@misc{IQ1dataset,   title = {Experimental {IQ} Test [dataset and codebook]},   howpublished = {\\url{http://openpsychometrics.org/_rawdata/IQ1.zip}},   url = {http://openpsychometrics.org/_rawdata/},   note = {Accessed through Open Psychometrics} }
face_memory_test	@misc{EBFMT,   title = {Exposure Based Face Memory Test [dataset and codebook]},   howpublished = {\\url{http://openpsychometrics.org/_rawdata/EBFMT.zip}},   note = {Accessed via http://openpsychometrics.org/_rawdata/},   year = {n.d.} }
figure_skating	@misc{singer2021isu,   author = {Singer-Vine, Jeremy and Templon, John},   title = {ISU Figure Skating Score Sheets as Structured Data},   year = {2021},   publisher = {BuzzFeed News},   howpublished = {\\url{https://github.com/BuzzFeedNews/figure-skating-scores}},   note = {[data set]} }
fims_tam	@Manual{TAM2022,   title = {TAM: Test Analysis Modules},   author = {Alexander Robitzsch and Thomas Kiefer and Margaret Wu},   year = {2022},   note = {R package version 4.1-4},   url = {https://CRAN.R-project.org/package=TAM} }
firstborn_personality	@misc{FBPS2019,   title = {Development of the {Firstborn} {Personality} {Scale} [dataset and codebook]},   year = {2019},   url = {http://openpsychometrics.org/_rawdata/FBPS-ValidationData.zip},   howpublished = {\\url{http://openpsychometrics.org/_rawdata/}} }
florida_twins_behavior	@misc{schatschneider2021behavior,   author = {Schatschneider, Christopher and Lonigan, Christopher and Taylor, Jeanette E.},   title = {Behavior and Environment Survey Codebook},   year = {2021},   publisher = {LDbase},   url = {http://ldbase.org/documents/c4669c5b-9853-45be-a33f-9dff7102de20} }
fractions_experiment	@misc{aleven2013cleaned,   author = {Aleven, V. and Rau, M. and Weitekamp, D.},   title = {Cleaned logs with modified step names},   year = {2013},   note = {[data set]},   publisher = {DataShop @ CMU},   url = {https://pslcdatashop.web.cmu.edu/Files?datasetId=580} }
gatech_cappunish	@phdthesis{Roberts1995,   author = {Roberts, James S.},   title = {Item response theory approaches to attitude measurement},   school = {University of South Carolina},   address = {Columbia},   year = {1995},   note = {Dissertation Abstracts International, 56, 7089B},   url = {https://prdlab.gatech.edu/unfolding/data/} }
gatech_censor	@phdthesis{Roberts1995,   author = {Roberts, James S.},   title = {Item response theory approaches to attitude measurement},   school = {University of South Carolina},   address = {Columbia},   year = {1995},   note = {Dissertation Abstracts International, 56, 7089B},   url = {https://prdlab.gatech.edu/unfolding/data/} }
gender_roles	@misc{osri2019,   title = {Open Sex Role Inventory [dataset and codebook]},   year = {2019},   url = {https://openpsychometrics.org/_rawdata/OSRI44_dev_data.zip},   howpublished = {\\url{http://openpsychometrics.org/_rawdata/}} }
geometry_course	@misc{aleven2007step,   author = {Aleven, V. and Bllings, B.},   year = {2007},   title = {Step tables and test scores [data set]},   publisher = {DataShop @ CMU},   url = {https://pslcdatashop.web.cmu.edu/Files?datasetId=122} }
handwriting_2006	@misc{anthony2008handwriting2,   author = {Anthony, Lisa and Ritter, Steven},   title = {Handwriting2/Examples Spring 2007},   year = {2008},   note = {Dataset 165 in DataShop},   howpublished = {\\url{https://pslcdatashop.web.cmu.edu/DatasetInfo?datasetId=165}},   url = {https://pslcdatashop.web.cmu.edu/Files?datasetId=145} }
handwriting_2007	@misc{anthony2008handwriting,   author = {Anthony, Lisa and Ritter, Steven},   title = {Handwriting/Examples Dec 2006},   year = {2008},   note = {Dataset 145 in DataShop},   howpublished = {\\url{https://pslcdatashop.web.cmu.edu/DatasetInfo?datasetId=145}} }
hmcdm_spatialreasoning	@Manual{hmcdm2023,   title = {hmcdm: Hidden Markov Cognitive Diagnosis Models for Learning},   author = {Susu Zhang and Shiyu Wang and Yi Chen and Seungman Kwon},   year = {2023},   note = {R package version 2.1.1},   url = {https://CRAN.R-project.org/package=hmcdm} }
hrs_cesd	@techreport{steffick2000documentation,   title={Documentation of affective functioning measures in the Health and Retirement Study},   author={Steffick, Diane E and Wallace, Robert B and Herzog, A Regula},   year={2000},   institution={University of Michigan},   address={Ann Arbor, MI},   number={15},   url={https://hrsdata.isr.umich.edu/data-products/rand?_ga=2.223300059.1164873790.1677848146-1581405565.1677550004} }
hrs_health	@techreport{RAND_HRS_2018,     title = {RAND {HRS} Longitudinal File 2018 (V2)},     institution = {RAND Center for the Study of Aging},     address = {Santa Monica, CA},     year = {2022},     month = {July},     note = {Funded by the National Institute on Aging and the Social Security Administration},     url = {https://hrsdata.isr.umich.edu/data-products/rand?_ga=2.223300059.1164873790.1677848146-1581405565.1677550004} }
human_learning_rate	@misc{koedinger2023student,   title={Student-step roll up for ds104 from {An} {Astonishing} {Regularity} in {Student} {Learning} {Rate} [data set]},   author={Koedinger, Kenneth R. and Carvalho, Paulo and Liu, Ran and McLaughlin, Elizabeth A.},   year={2023},   publisher={DataShop @ CMU},   url={https://pslcdatashop.web.cmu.edu/Files?datasetId=4629} }
hypersensitive_narcissism	@misc{jorgenson2016ohbds,   author = {Jorgenson, E.},   title = {Open Hemispheric Brain Dominance Scale [dataset and codebook]},   year = {2016},   url = {http://openpsychometrics.org/_rawdata/OHBDS-data.zip},   note = {Retrieved from http://openpsychometrics.org/_rawdata/} }
ieswriting_molloy_2022	@misc{ets_ies_writing_achievement_data,   author       = {{Educational Testing Service}},   title        = {IES Writing Achievement Study Data},   year         = {2025},   url          = {https://github.com/EducationalTestingService/ies-writing-achievement-study-data},   note         = {Accessed: 2025-01-06} } 
immer10_immer	@misc{immer,   title = {immer: Item Response Models for Multiple Ratings},   author = {},   year = {},   url = {https://cran.r-project.org/web/packages/immer/index.html},   note = {CRAN - Package immer},   organization = {CRAN} }
immer12_immer	@misc{immer,   title = {immer: Item Response Models for Multiple Ratings},   author = {},   year = {},   url = {https://cran.r-project.org/web/packages/immer/index.html},   note = {CRAN - Package immer},   organization = {CRAN} }
introversion_extroversion	@misc{MIES_dataset,   title = {Development of the Multidimensional Introversion-Extraversion {ScalesX} [dataset and codebook]},   howpublished = {\\url{http://openpsychometrics.org/_rawdata/MIES_Dev_Data.zip}},   url = {http://openpsychometrics.org/_rawdata/},   year = {n.d.} }
junyi_academy_problems	@dataset{chang2015problem,    title={Problem log, from Modeling Exercise Relationships in E-Learning: A Unified Approach},    author={Chang, Hao-Chuan and Hsu, Hsiu-Mei and Chen, Kuan-Yu},    year={2015},    url={https://pslcdatashop.web.cmu.edu/Files?datasetId=1198},    note={International Conference on Educational Data Mining (EDM)},    type={Data set} }
KanjiOAHaS_Inoue_2024	@misc{inoue2024assessing,   title={Assessing Handwriting Skills in a Web Browser: Development and Validation of an Automated Online Test in Japanese Kanji},   author={Inoue, T. and Chen, Y. and Ohyanagi, T.},   year={2024},   month={June},   day={19},   url={https://osf.io/gver2},   note={Retrieved from osf.io/gver2} }
mbft_anunciacao_2024	@misc{anunciacao2024personality,   author       = {Anunciacao, L.},   title        = {Personality - Murray and Big Five Theory},   year         = {2024},   month        = {December 13},   note         = {Retrieved from \url{https://osf.io/wkzan}} } 
Mental_Health_Questionnaire_for_the_Elderly	@article{wang2012anxiety,   title={Anxiety and Depression Among Older People Dwelling in Nursing Homes Versus Communities},   author={Wang, T and Tang, D and Gong, X and Wang, D},   journal={Chinese Journal of Clinical Psychology},   volume={20},   number={6},   pages={868--870},   year={2012},   url={http://www.cnsda.org/index.php?r=projects/view&id=60493698} }
mobility	@techreport{huq1990bangladesh,   title={Bangladesh Fertility Survey, 1989},   author={Huq, N. and Cleland, J.},   year={1990},   institution={National Institute of Population Research and Training (NIPORT)},   address={Dhaka},   url={https://cran.r-project.org/web/packages/ltm/index.html} }
mpsycho_wilpat	@misc{MPsychoR,   title = {MPsychoR: Modern Psychometrics with {R}},   author = {},   year = {},   url = {https://cran.r-project.org/web/packages/MPsychoR/index.html},   note = {CRAN R package repository},   organization = {CRAN} }
nbashots	@misc{Samangy2023NBAShots,     title = {NBA Shots 04 23},     author = {Samangy, Dom},     year = {2023},     publisher = {GitHub},     journal = {GitHub repository},     url = {https://github.com/DomSamangy/NBA_Shots_04_23} }
nerdy_personality	@misc{NPAS2015,   title = {Development of the {Nerdy} {Personality} {Attributes} {Scale} [dataset and codebook]},   year = {2015},   url = {http://openpsychometrics.org/tests/NPAS/development/},   urldate = {2023-12-11} }
neurips_2020	@article{wang2020diagnostic,   title={Diagnostic questions: The neurips 2020 education challenge},   author={Wang, Zichao and Lamb, Andrew and Saveliev, Evan and Cameron, Pashmina and Zaykov, Yordan and Hern{\\'a}ndez-Lobato, Jos{\\'e} Miguel and Turner, Richard E and Baraniuk, Richard G and Barton, Craig and Jones, Simon Peyton and Woodhead, Simon and Zhang, Cheng},   journal={arXiv preprint arXiv:2007.12061},   year={2020},   note={[data set]},   url={https://eedi.com/research#data} }
oli_psych_course	@misc{cheng2022gradebook,   author = {Cheng, Hao},   title = {Gradebook for {OLI} {Psych} course},   year = {2022},   note = {[dataset]},   publisher = {DataShop @ CMU},   url = {https://pslcdatashop.web.cmu.edu/Files?datasetId=5255} }
pact_project	@misc{vaughn2021pact8,   author = {Vaughn, Sharon and Swanson, Elizabeth and Roberts, Greg and Martinez, Leticia and Wanzek, Jeanne and Simmons, Deborah and Clemens, Nathan and Fogarty, Melissa},   title = {PACT8 2011-2012, PACT8 2012-2013, PACT11 2011-2012, PACT11 2012-2013, Vocabulary and Comprehension {(VoCO)} Project},   year = {2021},   howpublished = {LDbase},   url = {http://ldbase.org/datasets/7a353ad7-4859-47a0-8aad-000889fed91a} }
pirlsmissing_sirt	@Manual{Robitzsch2022,   title = {sirt: Supplementary Item Response Theory Models},   author = {Alexander Robitzsch},   year = {2022},   note = {R package version 3.12-66},   url = {https://CRAN.R-project.org/package=sirt} }
polca_election	@misc{NES2000,   title = {The 2000 National Election Study [dataset]},   author = {{The National Election Studies}},   year = {2000},   publisher = {University of Michigan, Center for Political Studies},   address = {Ann Arbor, MI},   url = {https://electionstudies.org/},   note = {Producer and distributor} }
preference_inventory	@article{wagner1985refined,   title={A refined neurobehavioral inventory of hemispheric preference},   author={Wagner, Rudolph F and Wells, Kelly A},   journal={Journal of clinical psychology},   volume={41},   number={5},   pages={671--676},   year={1985},   publisher={Wiley Online Library},   note={Dataset available at: \\url{http://openpsychometrics.org/_rawdata/Wagner.zip}} }
protestant_workethic	@misc{PWE_dataset,   title = {Protestant Work Ethic Scale [dataset and codebook]},   howpublished = {\\url{http://openpsychometrics.org/_rawdata/PWE_data.zip}},   note = {Accessed via http://openpsychometrics.org/_rawdata/},   year = {n.d.} }
psychoneurotic_inventory	@misc{WPI,   title = {Woodworth Psychoneurotic Inventory [dataset and codebook]},   howpublished = {\\url{http://openpsychometrics.org/_rawdata/WPI.zip}},   note = {Accessed via \\url{http://openpsychometrics.org/_rawdata/}} }
psychtools_epi	@manual{eysenck1968manual,   title={Manual for the Eysenck Personality Inventory},   author={Eysenck, Hans J. and Eysenck, Sybil B. G.},   year={1968},   publisher={Educational and Industrial Testing Service},   address={San Diego, CA},   url={https://cran.r-project.org/web/packages/psychTools/index.html} }
psychtools_msq	@techreport{revelle1998personality,   title={Personality, motivation and cognitive performance: Final report to the Army Research Institute on contract MDA 903-93-K-0008},   author={Revelle, William and Anderson, K J},   year={1998},   institution={Army Research Institute},   url={https://www.personality-project.org/revelle/publications/ra.ari.98.pdf} }
psychtools_sai	@techreport{revelle1997personality,   title={Personality, motivation and cognitive performance: Final report to the Army Research Institute on contract MDA 903-93-K-0008},   author={Revelle, William and Anderson, Kristen Joan},   year={1997},   institution={Army Research Institute},   url={https://cran.r-project.org/web/packages/psychTools/index.html} }
PTAM_Kretzschmar_2017_MicroFIN	@article{kretzschmar2017re,   title={Re-evaluating the psychometric properties of {MicroFIN}: {A} multidimensional measurement of complex problem solving or a unidimensional reasoning test?},   author={Kretzschmar, Andr{\\'e} and Hacatrjana, Liena and Rascevska, Malgozata},   journal={Psychological Test and Assessment Modeling},   volume={59},   number={2},   pages={157--182},   year={2017},   url={https://osf.io/wp3z4/} }
PTAM_Kretzschmar_2017_Raven	@article{kretzschmar2017re,   title={Re-evaluating the psychometric properties of {MicroFIN}: {A} multidimensional measurement of complex problem solving or a unidimensional reasoning test?},   author={Kretzschmar, Andr{\\'e} and Hacatrjana, Liena and Rascevska, Malgozata},   journal={Psychological Test and Assessment Modeling},   volume={59},   number={2},   pages={157--182},   year={2017},   url={https://osf.io/wp3z4/} }
PTAM_Kretzschmar_2017_Reasoning	@article{kretzschmar2017re,   title={Re-evaluating the psychometric properties of {MicroFIN}: {A} multidimensional measurement of complex problem solving or a unidimensional reasoning test?},   author={Kretzschmar, Andr{\\'e} and Hacatrjana, Liena and Rascevska, Malgozata},   journal={Psychological Test and Assessment Modeling},   volume={59},   number={2},   pages={157--182},   year={2017},   url={https://osf.io/wp3z4/} }
ptam1_immer	@misc{immer,   title = {immer: Item Response Models for Multiple Ratings},   author = {},   year = {},   url = {https://cran.r-project.org/web/packages/immer/index.html},   note = {CRAN - Package immer},   organization = {CRAN} }
QADT_Kleka_2023	@misc{kleka_2024,   author = {Kleka, Pawel},   title = {Achieving mental wellness in school-aged children: {Validating} a questionnaire to measure developmental task completion ({QADT})},   year = {2024},   month = {mar},   url = {https://osf.io/6vqp3},   note = {Retrieved March 4, 2024} }
quantshort	@Manual{TestGardener2023,   title = {TestGardener: Optimal Analysis of Test and Rating Scale Data},   author = {James Ramsay},   year = {2023},   note = {R package version 3.1.4},   url = {https://CRAN.R-project.org/package=TestGardener} }
RDatasets_gssabortion	@misc{Rdatasets,     title = {R Datasets},     author = {Arelbundock, Vincent},     year = {2023},     url = {https://vincentarelbundock.github.io/Rdatasets/},     note = {Online repository of datasets from R packages} }
riasec	@misc{riasec2018,   title = {Holland Code {(RIASEC)} Test [dataset and codebook]},   year = {2018},   url = {http://openpsychometrics.org/_rawdata/RIASEC_data12Dec2018.zip},   howpublished = {\\url{http://openpsychometrics.org/_rawdata/}} }
rightwing_authoritariansim	@misc{altemeyer2015rwa,   author = {Altemeyer, B},   year = {2015},   title = {Right-wing {Authoritarianism} {Scale} [dataset and codebook]},   url = {https://openpsychometrics.org/_rawdata/RWAS.zip},   note = {Retrieved from http://openpsychometrics.org/_rawdata/} }
rollcall_house	@misc{lewis2023voteview,   title={Voteview: Congressional Roll-Call Votes Database},   author={Lewis, Jeffrey B. and Poole, Keith and Rosenthal, Howard and Boche, Adam and Rudkin, Aaron and Sonnet, Luke},   year={2023},   url={https://voteview.com/},   note={Accessed at https://voteview.com/articles/data_help_votes} }
rollcall_senate	@misc{lewis2023voteview,   title={Voteview: Congressional Roll-Call Votes Database},   author={Lewis, Jeffrey B. and Poole, Keith and Rosenthal, Howard and Boche, Adam and Rudkin, Aaron and Sonnet, Luke},   year={2023},   url={https://voteview.com/},   note={Accessed at https://voteview.com/articles/data_help_votes} }
rosenberg_selfesteem	@misc{roseberg2014,   title={Roseberg Self-Esteem Scale [dataset and codebook]},   author={Brennan, K. and Clark, C. and Shaver, P.},   year={2014},   url={http://openpsychometrics.org/_rawdata/RSE.zip},   note={In J. Simpson and W. Rholes, Attachment Theory and Close Relationships. New York: Guilford Press} }
sat12_wilson_2003	@misc{wood2003testfact, author = {Wood, R. and Wilson, D. T. and Gibbons, R. D. and Schilling, S. G. and Muraki, E. and Bock, R. D.}, title = {TESTFACT 4 for Windows: Test Scoring, Item Statistics, and Full-information Item Factor Analysis}, year = {2003}, type = {Computer software}, address = {Lincolnwood, IL}, publisher = {Scientific Software International} }
science_ltm	@misc{karlheinz1992euro,   title={Euro-Barometer 38.1: Consumer Protection and Perceptions of Science and Technology},   author={Karlheinz, R. and Melich, A.},   year={1992},   publisher={INRA (Europe)},   address={Brussels},   note={[computer file]},   url={https://cran.r-project.org/web/packages/ltm/index.html} }
sds	@Manual{TestGardener2023,   title = {TestGardener: Optimal Analysis of Test and Rating Scale Data},   author = {James Ramsay},   year = {2023},   note = {R package version 3.1.4},   url = {https://CRAN.R-project.org/package=TestGardener} }
sexual_compulsivity	@misc{SCS_dataset,   title = {Sexual Compulsivity Scale [dataset and codebook]},   howpublished = {\\url{http://openpsychometrics.org/_rawdata/SCS.zip}},   note = {Accessed via \\url{http://openpsychometrics.org/_rawdata/}},   year = {n.d.} }
SF12_MLCIRTwithin	@book{ware2002sf12v2,   title={SF-12v2: How to Score Version 2 of the SF-12 Health Survey},   author={Ware, John and Kosinski, Mark and Turner-Bowker, Diane and Gandek, Barbara},   year={2002},   publisher={QualityMetric Incorporated},   address={Lincoln},   url={https://cran.r-project.org/web/packages/MLCIRTwithin/index.html} }
swmd_mokken	@techreport{zijsling2017cohortonderzoek,   title={Cohortonderzoek COOL5-18: Technisch rapport meting VO-3 in 2014},   author={Zijsling, D. and Keuning, J. and Keizer-Mittelhaeuser, M.-A. and Naaijer, H. and Timmermans, A.},   year={2017},   institution={Onderwijs/Onderzoek},   type={Technical Report},   url={https://cran.r-project.org/web/packages/mokken/index.html} }
tdri	@incollection{golino2015investigando,   author = {Golino, Hudson F. and Gomes, Cristiano M.},   title = {Investigando est{\\'a}gios de desenvolvimento do racioc{\\'\\i}nio indutivo usando a an{\\'a}lise fatorial confimat{\\'o}ria, o Modelo Log{\\'\\i}stico Simples de Rasch e o modelo de teste log{\\'\\i}stico linear (Rasch Estendido)},   booktitle = {Psicometria Contempor{\\^a}nea: Compreendendo os Modelos Rasch},   editor = {Golino, Hudson F. and Gomes, Cristiano M. and Amantes, Amanda and Coelho, Gabriel},   year = {2015},   pages = {283--331},   publisher = {Casa do Psic{\\'o}logo/Pearson},   address = {S{\\~a}o Paulo},   url = {https://figshare.com/articles/dataset/TDRI_dataset_csv/3142321} }
tenseness_pcmrs	@misc{ZPID2013,   author = {ZPID},   title = {PsychData of the {Leibniz} {Institute} for {Psychology} {Information} {ZPID}},   year = {2013},   address = {Trier},   publisher = {Center for Research Data in Psychology},   url = {https://cran.r-project.org/web/packages/PCMRS/index.html} }
timss_tam	@Manual{TAM2022,   title = {TAM: Test Analysis Modules},   author = {Alexander Robitzsch and Thomas Kiefer and Margaret Wu},   year = {2022},   note = {R package version 4.1-4},   url = {https://CRAN.R-project.org/package=TAM} }
Veterans.Affairs.SSVF.Survey.2016-17	@misc{va_ssvf_survey,   title = {VA SSVF Survey Data},   author = {Data Liberation Project},   year = {2023},   howpublished = {\\url{https://www.data-liberation-project.org/datasets/va-ssvf-survey-data/}},   url = {https://github.com/data-liberation-project/va-ssvf-survey-data},   note = {Accessed: 2023} }
Veterans.Affairs.SSVF.Survey.2018-20	@misc{va_ssvf_survey,   title = {VA SSVF Survey Data},   author = {Data Liberation Project},   year = {2023},   howpublished = {\\url{https://www.data-liberation-project.org/datasets/va-ssvf-survey-data/}},   url = {https://github.com/data-liberation-project/va-ssvf-survey-data},   note = {Accessed: 2023} }
vocabulary_iq	@misc{VIQT2018,   title = {Vocabulary {IQ} {Test} [dataset and codebook]},   year = {2018},   url = {http://openpsychometrics.org/_rawdata/VIQT_data.zip},   howpublished = {\\url{http://openpsychometrics.org/_rawdata/}} }
wordsum	@techreport{malhotra2007psychometric,   title={The psychometric properties of the GSS Wordsum vocabulary test},   author={Malhotra, Neil and Krosnick, Jon A and Haertel, Edward},   year={2007},   institution={GSS},   number={11},   pages={1--63},   type={Methodological Report},   url={https://gss.norc.org/get-the-data/stata} }
wpi_math_assistments	@misc{heffernan2010,   author = {Heffernan, N.},   year = {2010},   title = {2004-2005 question level data [data set]},   publisher = {DataShop @ CMU},   url = {https://pslcdatashop.web.cmu.edu/Files?datasetId=92} }