"table_name","numRows","columns"
"lessR_Mach4",7020,c("resp", "item", "id")
"movac_pakpour2022",72096,c("id", "item", "resp")
"SABFI2_Gallardo_Pujol_2018_IntHapp",3771,c("id", "item", "resp")
"science_ltm",2744,c("id", "item", "resp", "resp_raw")
"gilbert_meta_17",1840581,c("id", "cluster_id", "block_id", "item", "wave", "resp", "treat", "cov_female", "cov_age", "cov_father_literate", "cov_mother_literate")
"pks_probability",12096,c("id", "item", "resp", "wave")
"enem_2019_1mil_cn",45000000,c("id", "item", "resp", "position", "booklet")
"mobility",67560,c("resp", "item", "id")
"transreas_mokken",5100,c("grade", "resp", "item", "id")
"mpsycho_YouthDep",59540,c("race", "resp", "item", "id")
"PEMAIW_Qiu_2020_SWLS",5460,c("id", "item", "resp", "group")
"polca_values",864,c("resp", "item", "id")
"enem_2016_1mil_ch",45000000,c("id", "item", "resp", "position", "booklet")
"florida_twins",1212066,c("age", "family_id", "item", "id", "wave", "resp", "person_id")
"criticalperiod_syntax",107483095,c("id", "item", "resp")
"enem_2022_1mil_lc",40000000,c("id", "item", "resp", "position", "booklet")
"wooly_hartman2022",29659,c("id", "age", "group", "item", "resp")
"pisa2009_science",8101451,c("id", "item", "resp")
"PEMAIW_Qiu_2020_DASS",22554,c("id", "item", "resp", "group")
"big5_sirt",120000,c("id", "item", "resp")
"iowa_gambling_task",65291,c("resp", "item", "id")
"short_dark_triad",491184,c("id", "item", "resp")
"gilbert_meta_9",48210,c("id", "cluster_id", "item", "wave", "resp", "treat", "cov_female", "cov_age")
"cdm_timss03",17411,c("item", "id", "resp", "Qmatrix__S1", "Qmatrix__S2", "Qmatrix__S3", "Qmatrix__S4", "Qmatrix__S5", "Qmatrix__S6", "Qmatrix__S7", "Qmatrix__S8", "Qmatrix__S9", "Qmatrix__S11", "Qmatrix__S13", "Qmatrix__S14", "Qmatrix__S15")
"broadband_inventories",365077,c("id", "item", "resp", "rt")
"tdri",100968,c("resp", "item", "id")
"psychotools_gratitude",35125,c("resp", "item", "id")
"gender_roles",14017212,c("id", "item", "resp")
"PROMISPME_Forrest_2021_Strength_Children",45625,c("id", "item", "resp")
"gilbert_meta_1",226809,c("id", "cluster_id", "item", "resp", "treat", "std_baseline")
"PPPSSAPIS_Figlova_2021_PSS10",1530,c("id", "item", "resp")
"difNLR_msatb",28140,c("gender", "resp", "item", "id")
"pisa2006_read",3255323,c("id", "item", "resp")
"FEDSP_Trzcinska_2023_SMSD",2574,c("id", "item", "resp")
"gilbert_meta_37",17619,c("id", "block_id", "item", "resp", "treat", "std_baseline", "cov_female", "cov_hh_size", "cov_hh_income", "cov_age", "cov_married", "cov_hindu", "cov_completed_elementary", "cov_completed_secondary")
"gilbert_meta_45",25636,c("id", "item", "wave", "resp", "treat", "cov_age", "cov_female", "cov_race", "cov_role", "cov_years_exp")
"BPAQ_Christopher_2024_PROMIS",4080,c("id", "item", "resp")
"cure_data",81934,c("resp", "period", "item", "id")
"EOAQ-EST_Silveira_2024",1918,c("id", "item", "resp")
"PROMISPME_Forrest_2021_LS_Proxy",54040,c("id", "item", "resp")
"COACH_Chen_2022_ADL",95653,c("id", "item", "wave", "resp")
"enem_2018_1mil_lc",40000000,c("id", "item", "resp", "position", "booklet")
"IJLS_Eersel_2024_Anxiety",1393,c("id", "item", "resp")
"swmd_mokken",4557,c("resp", "item", "rater", "id")
"promis1wave1_fatigue",290044,c("id", "item", "resp")
"pisa2009_read",15257952,c("id", "item", "resp")
"promis1wave1_physicalfunction",140837,c("id", "item", "resp")
"EWAS_Sanford_2024",9972,c("id", "item", "resp", "study")
"frac20",10720,c("item", "id", "resp", "Qmatrix__1", "Qmatrix__2", "Qmatrix__3", "Qmatrix__4", "Qmatrix__5", "Qmatrix__6", "Qmatrix__7", "Qmatrix__8")
"dumas_Organisciak_2022",21960,c("id", "item", "verbatim", "rater", "resp")
"PROMISPME_Forrest_2021_Physical_Children",238197,c("id", "item", "resp")
"PSR-P_Scale_Intimacy_Hakim_2018_Study2_PSR",1272,c("id", "figure", "item", "resp")
"pisa2000_math",1538494,c("id", "item", "resp")
"enem_2022_1mil_cn",45000000,c("id", "item", "resp", "position", "booklet")
"pisa2006_math",5686467,c("id", "item", "resp")
"cdm_hr",54250,c("item", "id", "resp", "Qmatrix__Skill1", "Qmatrix__Skill2", "Qmatrix__Skill3", "Qmatrix__Skill4", "Qmatrix__Skill5")
"SAS_Deters_2022",134824,c("id", "item", "resp")
"COACH_Chen_2022_SNS",50272,c("id", "item", "wave", "resp")
"mft_validationandreplication",30060,c("id", "item", "resp")
"chess_lnirt",10360,c("resp", "rt", "item", "elo", "id")
"si09_sirt",62412,c("country", "resp", "item", "id")
"preschool_sel",116904,c("resp", "item", "id")
"verbagg",7584,c("resp", "item", "id")
"EMSC_Kuan-chin_2023",693,c("id", "item", "resp")
"PeSCBCSCe_Novak_2020_SPIRIT",2860,c("id", "item", "resp")
"PMT_Trzcinska_2023_MVS",234,c("id", "item", "resp")
"enem_2018_1mil_ch",45000000,c("id", "item", "resp", "position", "booklet")
"PeSCBCSCe_Novak_2020_SCBCS",2860,c("id", "item", "resp")
"CV_OASIS_ODSIS_PPE_Novak_2020_PANAS",29160,c("id", "item", "resp")
"gilbert_meta_20",24180,c("id", "item", "wave", "resp", "treat", "cov_male", "cov_black", "cov_asian", "cov_white", "cov_hispanic", "cov_multi", "cov_frl", "cov_iep")
"SCS_Lopez_2015",39432,c("id", "item", "resp")
"gilbert_meta_34",40284,c("id", "cluster_id", "block_id", "item", "wave", "resp", "treat", "cov_female", "cov_marital", "cov_attend_school", "cov_childcare", "cov_permission_work")
"Resistance",7084,c("id", "group", "item", "resp")
"pisa2012_science",7634927,c("id", "item", "resp")
"DART_Brysbaert_2020_1",26268,c("id", "gender", "age", "mother_language", "item", "resp")
"iat_poverty",234602,c("resp", "item", "race", "id")
"PMT_Trzcinska_2023_PMT",7392,c("id", "item", "resp", "wave")
"mturkddm_recognition",76908,c("id", "block", "order", "rt", "resp", "item")
"fictionexposure_wimmer",66726,c("id", "item", "resp")
"sris_silvia2022",23840,c("id", "study", "item", "resp")
"PROMISPME_Forrest_2021_LS_Children",111608,c("id", "item", "resp")
"WMI_Rot_Han",3144,c("id", "item", "resp")
"PRCPSFFMQ_Lecuona_2017",31200,c("id", "item", "resp")
"DbdIFdM_Puga_2021",7602,c("id", "item", "resp")
"FACIT_YOUNT_2021_limitations",42200,c("id", "date", "item", "resp", "wave")
"gilbert_meta_69",387718,c("id", "cluster_id", "block_id", "item", "wave", "resp", "cov_female", "cov_age", "cov_grade", "treat", "test")
"gilbert_meta_41",1837594,c("cluster_id", "block_id", "id", "item", "wave", "resp", "treat", "cov_male", "cov_age", "cov_homelang_zulu", "std_baseline")
"ravens_deboeck2012",11622,c("resp", "item", "id")
"APFCompact_Ptacek_2024_DASS-21",6279,c("id", "item", "resp")
"MEFSIRODGAS_Nileksela_2023_freq",45409,c("id", "age", "item", "resp")
"mpsycho_wilmer",36775,c("resp", "age", "item", "id")
"deception_game",15264,c("id", "item", "resp", "age")
"enem_2015_1mil_cn",45000000,c("id", "item", "resp", "position", "booklet")
"gilbert_meta_74",29400,c("id", "cluster_id", "item", "wave", "resp", "treat", "std_baseline")
"Rosenberg_fadplus_goto2021",8020,c("id", "age", "gender", "item", "resp")
"gilbert_meta_71",310247,c("cluster_id", "id", "item", "wave", "resp", "cov_female", "cov_age", "cov_grade", "treat", "e2_std12", "e2_std35", "test", "item_grade")
"enem_2021_1mil_lc",40000000,c("id", "item", "resp", "position", "booklet")
"gilbert_meta_7",49259,c("id", "cluster_id", "block_id", "item", "resp", "treat", "tot", "std_baseline", "cov_black_num", "cov_hispanic_num", "cov_other_num", "cov_male_num", "cov_lep_num", "cov_iep_num", "cov_ses_low", "cov_ses_med", "cov_ses_high")
"CSE_Bayazit_2022",9765,c("id", "item", "resp")
"ffm_OPN",10153410,c("id", "item", "resp", "rt")
"VCISM_Polish_Trzcinska_2023",2070,c("id", "item", "resp", "wave")
"alcoholresearch_sumscore",4660,c("id", "item", "resp")
"hypersensitive_narcissism",1187582,c("id", "item", "resp")
"orev_bohn2024",30212,c("id", "item", "rt", "age", "resp")
"gilbert_meta_61",35502,c("id", "block_id", "item", "wave", "resp", "treat", "tot", "cov_age", "cov_female")
"fractals_rating",71680,c("id", "item", "rater", "resp")
"non_parametric_mixture_modeling_exp1_Cleaned",44957,c("id", "item", "rt", "resp")
"gilbert_meta_65",7829,c("id", "cluster_id", "item", "wave", "resp", "treat", "cov_age", "cov_male")
"timss_tam",19503,c("resp", "country", "item", "booklet", "id")
"bhs_floreskanter2021",51936,c("id", "item", "resp")
"4thgrade_math_sirt",19920,c("item", "id", "resp", "testlet", "domain", "subdomain")
"cub_relgoods",51639,c("resp", "item", "id")
"sem_cnes",6116,c("resp", "item", "id")
"polca_cheating",1276,c("resp", "item", "id")
"sabers_vesper2023",20415,c("id", "language", "item", "resp")
"feardriving_fisher2021",20250,c("id", "item", "resp")
"NAMPRB_Siwiak_2024_GCBS",6075,c("id", "item", "resp")
"loneliness_mudfold",43857,c("resp", "item", "id")
"KTEEM_Schoen_2019-2022",87404,c("id", "group", "item", "resp")
"enem_2013_1mil_cn",44992035,c("id", "item", "resp", "position", "booklet")
"gilbert_meta_47",11676,c("id", "cluster_id", "item", "wave", "resp", "rt", "treat", "cov_country", "cov_age", "cov_male", "cov_bilingual", "cov_risk")
"gilbert_meta_48",131864,c("id", "cluster_id", "item", "wave", "resp", "cov_female", "item_age", "treat")
"PEMAIW_Qiu_2020_MEQ",33510,c("id", "item", "resp", "group")
"mpsycho_ceaq",3328,c("resp", "age", "item", "id")
"gilbert_meta_13",176009,c("id", "cluster_id", "item", "wave", "resp", "treat", "cov_female", "cov_age")
"gilbert_meta_6",589430,c("id", "cluster_id", "block_id", "item", "wave", "resp", "treat", "cov_female", "cov_mom_ed", "cov_dad_ed", "cov_welfare", "cov_home_computer", "cov_retained", "cov_unemployed")
"lsat",5000,c("resp", "item", "id")
"FACES_Spanish_Vegas_2022_FSS",11960,c("id", "item", "resp")
"PBS_Surrain_2019_PoB",13966,c("id", "age", "item", "resp", "group")
"BPAQ_Christopher_2024_OBSI",2720,c("id", "item", "resp")
"BPAQ_Christopher_2024_SCSS",2040,c("id", "item", "resp")
"AOMT_BR_SF_EDPANAB_Geiger_2021_BRS",10140,c("id", "item", "resp", "Group")
"pisa2003_read",2040328,c("id", "item", "resp")
"psychtools_sai",107560,c("resp", "item", "occasion", "id")
"alcoholstroop_jones2024",26208,c("id", "trialnum", "stimulus", "item", "resp", "rt")
"florida_twins_behavior",743286,c("id", "family_id", "item", "resp")
"mpsycho_rwdq",18990,c("resp", "item", "id")
"gilbert_meta_22",90051,c("id", "cluster_id", "item", "wave", "resp", "treat", "cov_male", "cov_age")
"anxiety_gastro_symptoms",5730,c("id", "item", "resp")
"cavalini_mokken",14076,c("resp", "item", "id")
"enem_2020_1mil_mt",45000000,c("id", "item", "resp", "position", "booklet")
"SV-MAIA2_Randelovic_2021_hexaco60",8280,c("date", "id", "item", "resp")
"BPAQ_Christopher_2024_PSS10",1090,c("id", "item", "resp")
"western_reserve_project",1445422,c("id", "item", "family_id", "wave", "resp", "person_id")
"psychtools_blot",5250,c("resp", "item", "id")
"parental_text_intervention",52809,c("id", "item", "resp")
"HEARD_Roch_2022_K6",3600,c("id", "item", "resp")
"SABFI2_Gallardo_Pujol_2018_Honest",4190,c("id", "item", "resp")
"mpsycho_Rogers_adolescent",2262,c("resp", "item", "id")
"enem_2019_1mil_lc",40000000,c("id", "item", "resp", "position", "booklet")
"SV-MAIA2_Randelovic_2021_ERQ",2030,c("date", "id", "item", "resp")
"KoreanNursing_Park_2017",37000,c("id", "item", "resp")
"SF12_MLCIRTwithin",7440,c("resp", "item", "id")
"COACH_Chen_2022_MOS_SSS_C",129644,c("id", "item", "wave", "resp")
"close_relationships",1853676,c("id", "item", "resp")
"balance_mokken",12100,c("id", "item", "resp")
"pisa2003_science",2353802,c("id", "item", "resp")
"BAFACALO_Golino_2013_SMS",10804,c("id", "age", "item", "resp")
"OSCE_Hejri_2017",2660,c("id", "item", "resp")
"FAD_fadplus_goto2021",43308,c("id", "age", "gender", "item", "resp")
"gilbert_meta_2",43480,c("id", "cluster_id", "block_id", "item", "resp", "treat", "std_baseline", "cov_white_num", "cov_black_num", "cov_asian_num", "cov_hispanic_num", "cov_male_num", "cov_lep_num", "cov_iep_num", "cov_ses_low", "cov_ses_med", "cov_homelang_eng")
"SV-MAIA2_Randelovic_2021_hexaco100",21700,c("id", "item", "resp")
"gilbert_meta_73",358304,c("cluster_id", "id", "item", "wave", "resp", "cov_female", "cov_age", "cov_grade", "treat", "e2_std12", "e2_std35", "test", "item_grade")
"PROMISPME_Forrest_2021_Family_Children",208598,c("id", "item", "resp")
"polca_election",21420,c("resp", "item", "id")
"SV-MAIA2_Randelovic_2021_MAAS",3135,c("date", "id", "item", "resp")
"Fh_Okcsr_Roos_2022_study2_Feeling_Heard",40854,c("id", "item", "resp", "group")
"novelobjectmatching",47840,c("id", "item", "resp")
"Aspirations_Sonmez_2023",16555,c("id", "item", "resp")
"nonverbal_immediacy",7896928,c("id", "item", "resp", "rt")
"SABFI2_Gallardo_Pujol_2018_ReligionScale",7123,c("id", "item", "resp")
"environment_ltm",1746,c("id", "item", "resp", "resp_raw")
"Adherence_Zissette_2018_SDB",18409,c("id", "item", "resp")
"concretewords",691689,c("id", "item", "resp")
"psychtools_epi",203490,c("resp", "item", "id")
"realpic_souza2021",4172,c("id", "item", "resp")
"fad_dataset2",34456,c("id", "item", "resp", "age")
"pact_project",1018383,c("item", "resp", "treat", "id")
"PSR-P_Scale_Intimacy_Hakim_2018_Study2_PSI",2756,c("id", "figure", "item", "resp")
"PMT_Trzcinska_2023_finans",364,c("id", "item", "resp")
"spidersBAT_grill2024",1922,c("id", "item", "resp")
"gilbert_meta_25",23222,c("id", "cluster_id", "item", "wave", "resp", "treat", "cov_female", "cov_child_age")
"gilbert_meta_35",41808,c("id", "cluster_id", "item", "wave", "resp", "treat", "cov_female", "cov_mother_country_origin", "cov_father_country_origin", "cov_books_in_home")
"immer10_immer",793,c("resp", "difficulty", "item", "id")
"scoliosis_dueber",46440,c("id", "item", "resp")
"enem_2015_1mil_mt",45000000,c("id", "item", "resp", "position", "booklet")
"RvKDCS_Romiacg_Miroshnik_2020_CBI",11121,c("id", "item", "resp")
"humor_styles",34272,c("id", "item", "resp", "age")
"Mechanical_Turk_Recognition",76908,c("id", "resp", "rt", "item")
"previc_bohn2023",451010,c("word", "resp", "word_type", "item", "english", "aoa_rating_german", "sex", "age", "id")
"gilbert_meta_49",9511,c("id", "cluster_id", "item", "wave", "resp", "treat", "cov_age", "cov_any_school", "cov_literate", "cov_income")
"pirlsmissing_sirt",121800,c("country", "wt", "resp", "item", "id")
"tenseness_pcmrs",16336,c("resp", "item", "id")
"pisa2012_read",6320624,c("id", "item", "resp")
"HEARD_Roch_2022_COPE",14400,c("id", "item", "resp")
"Veterans.Affairs.SSVF.Survey.2018-20",1475369,c("id", "item", "resp")
"wemwbs_BrummerHoffman_2021",12796,c("id", "group", "date", "age", "item", "resp")
"offlinefriend_ofaq",29674,c("id", "item", "resp")
"gilbert_meta_14",391755,c("id", "cluster_id", "item", "wave", "resp", "treat", "cov_female", "cov_age")
"mcmi_mokken",53152,c("item", "id", "resp", "Qmatrix__A", "Qmatrix__H", "Qmatrix__SS", "Qmatrix__CC")
"gilbert_meta_43",22404,c("id", "cluster_id", "item", "wave", "resp", "treat", "cov_female", "cov_household_size")
"PPPASBPNSSedaisw_Pedro_2022_PANAS",32960,c("id", "item", "resp")
"DART_Brysbaert_2020_3.4.5",28908,c("id", "item", "resp", "group")
"ffm_AGR",10153410,c("id", "item", "resp", "rt")
"cdm_timss11",115983,c("item", "id", "resp", "booklet", "Qmatrix__Co_DA", "Qmatrix__Co_DK", "Qmatrix__Co_DR", "Qmatrix__Co_GA", "Qmatrix__Co_GK", "Qmatrix__Co_GR", "Qmatrix__Co_NA", "Qmatrix__Co_NK", "Qmatrix__Co_NR")
"Mechanical_Turk_Lexical",68160,c("id", "resp", "rt", "item")
"WMD_bartczuk_2023.csv",12936,c("id", "item", "resp")
"FEDSP_Trzcinska_2023_MonKnow",396,c("id", "item", "resp")
"abortion",1516,c("id", "item", "resp")
"experimental_iq",10000,c("id", "item", "resp")
"SV-MAIA2_Randelovic_2021_MAIA",25086,c("date", "id", "item", "resp", "wave")
"mpsycho_lakes",15520,c("resp", "subtest", "item", "rater", "id")
"enem_2013_1mil_lc",39992880,c("id", "item", "resp", "position", "booklet")
"fisher_temperment",437096,c("id", "item", "resp", "rt")
"enem_2014_1mil_mt",45000000,c("id", "item", "resp", "position", "booklet")
"emotion_pcmrs",16256,c("resp", "item", "id")
"gilbert_meta_63",71900,c("id", "cluster_id", "block_id", "item", "wave", "resp", "treat", "cov_female_head", "cov_household_size", "cov_owns_land")
"BPAQ_Christopher_2024_FFMQSF",2550,c("id", "item", "resp")
"gilbert_meta_40",207858,c("id", "cluster_id", "item", "wave", "resp", "treat", "school", "grade", "cov_ethnicity", "cov_home_lang", "cov_religion")
"CPDMMC_Kunnari_2020_HCD",12516,c("id", "item", "resp")
"APFCompact_Ptacek_2024_SWLS",1495,c("id", "item", "resp")
"eurpar2_mudfold",10716,c("resp", "item", "id")
"NAMPRB_Siwiak_2024_KON2066",3784,c("id", "item", "resp")
"fims_tam",89194,c("resp", "country", "item", "id")
"gilbert_meta_12",59005,c("id", "cluster_id", "block_id", "item", "resp", "treat", "cov_white", "cov_black", "cov_asian", "cov_hispanic", "cov_male", "cov_lep", "cov_iep", "cov_ses_low", "cov_ses_med", "cov_ses_high", "std_baseline")
"bps_boredom_bieleke2022",5088,c("id", "item", "resp")
"K-PCQ_Huh_2022",4291,c("id", "item", "resp")
"QaSLU_Prado_2024",5310,c("id", "item", "resp")
"feminist_perspectives",808620,c("id", "item", "resp")
"gilbert_meta_27",246834,c("block_id", "id", "item", "wave", "resp", "treat", "cov_age", "rcode")
"PPPASBPNSSedaisw_Pedro_2022_NPBE",24720,c("id", "item", "resp")
"vocabulary_iq",912975,c("id", "item", "resp")
"sexual_selfconcept",1768500,c("id", "item", "resp")
"rightwing_authoritariansim",474288,c("id", "item", "resp")
"enem_2021_1mil_cn",45000000,c("id", "item", "resp", "position", "booklet")
"PROMISPME_Forrest_2021_PosAff_Children",99322,c("id", "item", "resp")
"ptam1_immer",18790,c("resp", "rater", "item", "id")
"PPPASBPNSSedaisw_Pedro_2022_EBSV",9888,c("id", "item", "resp")
"offlinefriend_bigfive",35288,c("id", "item", "resp")
"VEI_Brazillian_Shiramizu_2018_EI",9772,c("id", "item", "resp")
"Veterans.Affairs.SSVF.Survey.2016-17",340723,c("id", "item", "resp")
"mental_health_malawi",35111,c("resp", "item", "id")
"pisa2000_science",1753516,c("id", "item", "resp")
"NAMPRB_Siwiak_2024_KOP20",3120,c("id", "item", "resp")
"enem_2014_1mil_ch",45000000,c("id", "item", "resp", "position", "booklet")
"gilbert_meta_5",37584,c("id", "cluster_id", "item", "wave", "resp", "treat", "cov_age", "cov_male")
"NAMPRB_Siwiak_2024_SSUB",19340,c("id", "wave", "item", "resp")
"BAFACALO_Golino_2013_CIS",17520,c("id", "age", "item", "resp")
"IJLS_Eersel_2024_Depression",1393,c("id", "item", "resp")
"rosenberg_selfesteem",479740,c("id", "item", "resp")
"mpsycho_wenchuan",6154,c("resp", "item", "id")
"SABFI2_Gallardo_Pujol_2018_Tight",2514,c("id", "item", "resp")
"promis1wave1_pain",434103,c("id", "item", "resp")
"BPAQ_Christopher_2024_BPAQSF",4080,c("id", "group", "treat", "item", "resp", "wave")
"PROMISPME_Forrest_2021_Psych_Proxy",58432,c("id", "item", "resp")
"pisa2012_math",12194969,c("id", "item", "resp")
"FEDSP_Trzcinska_2023_PSPCSA",3564,c("id", "item", "resp", "wave")
"COACH_Chen_2022_HDRS",232006,c("id", "item", "wave", "resp")
"FACIT_YOUNT_2021_hadsx",8512,c("id", "date", "item", "resp")
"mpsycho_Rmotivation",30672,c("resp", "item", "id")
"mpsycho_avlancheprep",5420,c("resp", "item", "id")
"RD_PpCvDOS_PadcOnaCns_Jinbo_2019_DOS",10750,c("id", "item", "resp")
"WMI_Read_Han",3960,c("id", "item", "resp")
"enem_2021_1mil_ch",45000000,c("id", "item", "resp", "position", "booklet")
"preference_inventory",162024,c("id", "item", "resp")
"gilbert_meta_38",7551,c("id", "block_id", "item", "resp", "treat", "std_baseline", "cov_female", "cov_hh_size", "cov_hh_income", "cov_age", "cov_married", "cov_hindu", "cov_completed_elementary", "cov_completed_secondary")
"nerdy_personality",777660,c("id", "item", "resp")
"promis1wave1_haq",37677,c("id", "item", "resp")
"CBI_Rodriguez_2021",58296,c("id", "item", "resp")
"PROMISPME_Forrest_2021_Strength_Proxy",22975,c("id", "item", "resp")
"gilbert_meta_52",2263206,c("id", "block_id", "cluster_id", "item", "wave", "resp", "treat", "cov_household_size")
"SABFI2_Gallardo_Pujol_2018_LOT",2514,c("id", "item", "resp")
"NSR-FC_Youhasan_2021",12424,c("id", "Academic_Year", "item", "resp")
"andrich_mudfold",432,c("id", "item", "resp")
"5personalityfactors",626780,c("id", "item", "resp", "age")
"brain_hemisphere",590880,c("id", "item", "resp", "rt")
"enem_2017_1mil_cn",45000000,c("id", "item", "resp", "position", "booklet")
"RD_EppSCQRK_Kipkemoi_2024_scq",10720,c("id", "item", "resp")
"gilbert_meta_50",6497,c("cluster_id", "id", "item", "wave", "resp", "treat", "cov_child_age", "cov_firstborn", "cov_premature", "cov_height_for_age_z")
"RLMS_MLCIRTwithin",5940,c("resp", "item", "id")
"ucla_BrummerHoffman_2021",5484,c("id", "group", "date", "age", "item", "resp")
"PROMISPME_Forrest_2021_Family_Proxy",208598,c("id", "item", "resp")
"EEN_Lacey_2024_Children",30524,c("id", "treat", "item", "resp")
"RvKDCS_Romiacg_Miroshnik_2020_KDOCS",50550,c("id", "item", "resp")
"gilbert_meta_8",37182,c("id", "cluster_id", "block_id", "item", "resp", "treat", "tot", "std_baseline", "cov_black_num", "cov_hispanic_num", "cov_other_num", "cov_male_num", "cov_lep_num", "cov_iep_num", "cov_ses_low", "cov_ses_med", "cov_ses_high")
"gilbert_meta_51",6675,c("cluster_id", "id", "item", "wave", "resp", "treat", "cov_child_age", "cov_firstborn", "cov_premature", "cov_height_for_age_z")
"gilbert_meta_58",69429,c("id", "cluster_id", "item", "wave", "resp", "treat", "cov_age", "cov_household_size", "cov_educ", "cov_num_children")
"mturkddm_y25",127488,c("id", "block", "order", "rt", "resp", "item")
"graphmapping_study1",6318,c("item", "rt", "resp", "order", "id")
"iat_difference",392451,c("resp", "item", "race", "id")
"autonomysupport_mokken",1813,c("id", "rater", "item", "resp")
"offlinefriend_dospert",22140,c("id", "item", "resp")
"wine_luckett2021",1998,c("rater", "id", "item", "resp")
"bae_boredom_bieleke2022",10812,c("id", "item", "resp")
"gilbert_meta_44",14729,c("id", "item", "wave", "resp", "treat", "tot", "cov_age", "cov_sex", "cov_educ")
"pisa2015_science",2730800,c("CNTSCHID", "id", "item", "resp", "rt")
"CV_OASIS_ODSIS_PPE_Novak_2020_DSES",17325,c("id", "item", "resp", "group")
"sapa_personality",2039803,c("resp", "item", "id")
"GART_Grolig_2020",9000,c("id", "age", "gender", "item", "resp")
"cdm_ecpe",81816,c("item", "id", "resp", "Qmatrix__skill1", "Qmatrix__skill2", "Qmatrix__skill3")
"IJLS_Eersel_2024_Work",1800,c("id", "item", "resp")
"enem_2014_1mil_lc",50000000,c("id", "item", "resp", "position", "booklet")
"CQTMS_Hur_2023",122720,c("id", "item", "resp")
"ffm_CSN",10153410,c("id", "item", "resp", "rt")
"IJLS_Eersel_2024_IJLSreaction",3303,c("id", "item", "wave", "resp")
"enem_2021_1mil_mt",45000000,c("id", "item", "resp", "position", "booklet")
"gilbert_meta_62",8622,c("id", "cluster_id", "item", "wave", "resp", "treat", "cov_female", "cov_age", "cov_county", "cov_no_edu", "cov_primary_edu", "cov_secondary_edu", "cov_tertiary_edu", "cov_income_50", "cov_weight")
"SABFI2_Gallardo_Pujol_2018_BFI",85140,c("id", "item", "resp", "group")
"gilbert_meta_53",52640,c("id", "item", "wave", "resp", "treat", "cov_pursue_career", "cov_mobile_phone", "cov_attend_school", "cov_in_school")
"mindfulness_assessment",23439,c("age", "id", "item", "resp")
"RvKDCS_Romiacg_Miroshnik_2020_BFI",60660,c("id", "item", "resp")
"IJLS_Eersel_2024_Optimism",1194,c("id", "item", "resp")
"gad_BrummerHoffman_2021",63980,c("id", "group", "date", "age", "item", "resp")
"enem_2016_1mil_mt",45000000,c("id", "item", "resp", "position", "booklet")
"geiser_tam",12456,c("resp", "item", "id")
"wirs",6030,c("id", "item", "resp")
"tma",270500,c("id", "item", "resp")
"enem_2020_1mil_ch",45000000,c("id", "item", "resp", "position", "booklet")
"gilbert_meta_21",135750,c("id", "cluster_id", "item", "wave", "resp", "treat")
"gilbert_meta_26",23310,c("id", "cluster_id", "item", "wave", "resp", "treat", "cov_female", "cov_child_age")
"sds",6149,c("resp", "item", "id")
"COACH_Chen_2022_CSQ",18891,c("id", "resp", "item")
"enem_2016_1mil_cn",45000000,c("id", "item", "resp", "position", "booklet")
"enem_2019_1mil_ch",45000000,c("id", "item", "resp", "position", "booklet")
"HEARD_Roch_2022_WHODAS",7200,c("id", "item", "resp")
"FACIT_YOUNT_2021_clinic10",10926,c("id", "date", "item", "resp")
"DEMOS",10656,c("id", "item", "resp")
"EEN_Lacey_2024_Parent",59640,c("id", "treat", "item", "resp")
"roar_lexical",61500,c("realpseudo", "resp", "rt", "item", "id")
"gilbert_meta_33",48773,c("id", "item", "wave", "resp", "treat", "cov_male", "cov_age", "cov_kyrgyz", "cov_uzbek", "cov_other_eth", "cov_ethnic_minority", "r")
"promis1wave1_cesd",15471,c("id", "item", "resp")
"MotAcademica_Ribeiro_2019",33553,c("id", "item", "resp")
"PTCI_Chinese_Zhan_2024",80388,c("id", "item", "resp")
"PEMAIW_Qiu_2020_MLQ",10780,c("id", "item", "resp", "group")
"ffm_EXT",10153410,c("id", "item", "resp", "rt")
"CFC_Balaji_2019",1584,c("id", "item", "resp")
"dd_rotation",1178,c("id", "item", "rt", "resp")
"enem_2013_1mil_mt",44991990,c("id", "item", "resp", "position", "booklet")
"ds14_mokken",7574,c("resp", "age", "item", "id")
"polca_carcinoma",826,c("resp", "item", "id")
"enem_2022_1mil_ch",45000000,c("id", "item", "resp", "position", "booklet")
"HEARD_Roch_2022_SWLPWI",4800,c("id", "item", "resp")
"LOC_fadplus_goto2021",5614,c("id", "age", "gender", "item", "resp")
"AOMT_BR_SF_EDPANAB_Geiger_2021_AOT",7098,c("id", "item", "resp", "Group")
"gilbert_meta_28",185297,c("block_id", "id", "item", "wave", "resp", "treat", "cov_age", "rcode")
"CV_OASIS_ODSIS_PPE_Novak_2020_RSES",23740,c("id", "item", "resp", "group")
"PEMAIW_Qiu_2020_PANAS",21680,c("id", "item", "resp", "group")
"enem_2014_1mil_cn",45000000,c("id", "item", "resp", "position", "booklet")
"enem_2016_1mil_lc",40000000,c("id", "item", "resp", "position", "booklet")
"enem_2022_1mil_mt",45000000,c("id", "item", "resp", "position", "booklet")
"protestant_workethic",60750,c("id", "item", "resp", "rt")
"gilbert_meta_24",14294,c("id", "cluster_id", "item", "wave", "resp", "treat", "cov_ethnicity", "cov_age", "cov_male")
"PTAM_Kretzschmar_2017_Raven",4760,c("id", "item", "resp")
"PTAM_Kretzschmar_2017_MicroFIN",6984,c("id", "item", "resp", "wave")
"BAFACALO_Golino_2013_FIS",17520,c("id", "age", "item", "resp")
"gilbert_meta_59",57000,c("id", "cluster_id", "item", "wave", "resp", "treat", "cov_age", "cov_household_size", "cov_educ", "cov_num_children")
"gilbert_meta_42",29040,c("id", "cluster_id", "item", "wave", "resp", "treat", "cov_female", "cov_household_size")
"PTAM_Kretzschmar_2017_Reasoning",8424,c("id", "item", "resp")
"gilbert_meta_19",1774229,c("id", "cluster_id", "block_id", "item", "wave", "resp", "treat", "cov_female", "cov_age", "cov_father_literate", "cov_mother_literate")
"kfcovid_pss_Li2020",440,c("id", "item", "resp")
"consideration_future_consequences",180420,c("id", "item", "resp")
"VSOCFP_Sebo_2024",6352,c("id", "item", "resp")
"PROMISPME_Forrest_2021_PosAff_Proxy",48177,c("id", "item", "resp")
"papp_silva-martins2023",19233,c("id", "item", "resp", "wave")
"gilbert_meta_46",10498,c("id", "cluster_id", "item", "wave", "resp", "rt", "treat", "cov_country", "cov_age", "cov_male", "cov_bilingual", "cov_risk")
"pisa2003_problem_solving",838595,c("id", "item", "resp")
"IJLS_Eersel_2024_IUS",2388,c("id", "IUS_sum", "item", "resp")
"FPAS_Silva_2022",2718,c("id", "item", "resp")
"gilbert_meta_23",63640,c("id", "cluster_id", "block_id", "item", "wave", "resp", "treat")
"promis1wave1_social",292014,c("id", "item", "resp")
"janssen2_tam",6920,c("resp", "item", "id")
"PROMISPME_Forrest_2021_GHGlobal_Proxy",37947,c("id", "item", "resp")
"PROMISPME_Forrest_2021_Psych_Children",119936,c("id", "item", "resp")
"mpsycho_zareki",5456,c("resp", "item", "id")
"mturkddm_lexical",68160,c("id", "block", "order", "rt", "resp", "item")
"PEPABAS2C_Kubicka_2024",4846,c("id", "item", "resp")
"psychtools_Athenstaedt",42624,c("resp", "gender", "item", "id")
"pisa2015_read",2884889,c("CNTSCHID", "id", "item", "resp", "rt")
"COACH_Chen_2022_IADL",54653,c("id", "item", "wave", "resp")
"promis1wave1_anger",149758,c("id", "item", "resp")
"rr98_accuracy",12205,c("rt", "item", "resp", "id")
"cdm_timss07",12494,c("item", "id", "resp", "booklet", "Qmatrix__NWN01", "Qmatrix__NWN02", "Qmatrix__NWN03", "Qmatrix__NWN04", "Qmatrix__NFD05", "Qmatrix__NFD06", "Qmatrix__NNS07", "Qmatrix__NPR08", "Qmatrix__GLA09", "Qmatrix__GTT10", "Qmatrix__GTT11", "Qmatrix__GLM12", "Qmatrix__DRI13", "Qmatrix__DRI14", "Qmatrix__DOR15")
"gilbert_meta_56",17364,c("id", "cluster_id", "block_id", "item", "wave", "resp", "treat", "tot", "cov_age", "cov_male")
"enem_2019_1mil_mt",45000000,c("id", "item", "resp", "position", "booklet")
"BAFACALO_Golino_2013_BVPS",18104,c("id", "age", "item", "resp")
"gilbert_meta_10",96688,c("id", "cluster_id", "block_id", "item", "resp", "treat", "cov_white", "cov_black", "cov_asian", "cov_hispanic", "cov_male", "cov_lep", "cov_iep", "cov_ses_low", "cov_ses_med", "cov_ses_high", "std_baseline")
"COACH_Chen_2022_WHOQOL_BREF",176081,c("id", "item", "wave", "resp")
"immer09_immer",128,c("resp", "item", "id")
"enem_2020_1mil_lc",39598000,c("id", "item", "resp", "position", "booklet")
"IJLS_Eersel_2024_DenialAcceptance",796,c("id", "item", "resp")
"trees_sirt",5805,c("resp", "item", "id")
"artistic_preferences",1040200,c("id", "item", "resp", "rt")
"SABFI2_Gallardo_Pujol_2018_Narq",2514,c("id", "item", "resp")
"Fh_Okcsr_Roos_2022_study1_Feeling_Heard",22892,c("id", "item", "resp", "group")
"aestheticfluency_cotter2023",89280,c("id", "item", "resp", "group")
"gilbert_meta_64",35861,c("id", "cluster_id", "item", "resp", "treat", "cov_household_size", "cov_tch_exp", "cov_female", "cov_health", "std_baseline")
"gilbert_meta_66",5518,c("id", "cluster_id", "item", "wave", "resp", "treat", "cov_age", "cov_male")
"mpsycho_Rogers",10608,c("resp", "item", "id")
"phq_BrummerHoffman_2021",82260,c("id", "group", "date", "age", "item", "resp")
"gilbert_meta_36",19740,c("id", "cluster_id", "item", "wave", "resp", "treat", "cov_female", "cov_mother_country_origin", "cov_father_country_origin", "cov_books_in_home")
"PEMAIW_Qiu_2020_BWSS",21540,c("id", "item", "resp", "group")
"AMI_CV_Hewitt2024",3402,c("id", "age", "item", "resp")
"gilbert_meta_70",395462,c("cluster_id", "id", "item", "wave", "resp", "cov_female", "cov_age", "cov_grade", "treat", "e2_std12", "e2_std35", "test", "item_grade")
"QaSLu_lopez_2024.csv",5310,c("id", "item", "resp")
"CPDMMC_Kunnari_2020_PDP",18774,c("id", "item", "resp")
"gilbert_meta_4",51566,c("id", "block_id", "item", "wave", "resp", "treat", "cov_age", "cov_educ", "cov_health", "tot")
"psychtools_bfi",70000,c("resp", "item", "id")
"credentialform_lnirt",327200,c("id", "item", "resp", "rt", "Flagged", "Pretest", "Attempt", "Country", "StateCode", "School_ID", "Cent_id", "Tot_time")
"AOMT_BR_SF_EDPANAB_Geiger_2021_RF",14196,c("id", "item", "resp", "Group")
"whodas_BrummerHoffman_2021",21936,c("id", "group", "date", "age", "item", "resp")
"geography",10087305,c("id", "rt", "resp", "item", "item_key", "item_complex")
"mpsycho_condom",3000,c("resp", "item", "id")
"SV-MAIA2_Randelovic_2021_SHS",2076,c("id", "item", "resp", "date", "wave")
"SV-MAIA2_Randelovic_2021_delta",26160,c("id", "item", "resp")
"stress_deboeck2012",6897,c("resp", "id", "occasion", "item")
"acl_mokken",94394,c("id", "item", "scale", "resp")
"estcrm_selfeff",3070,c("resp", "item", "id")
"spanishmegastudy",2893980,c("order", "resp", "rt", "item", "id")
"SABFI2_Gallardo_Pujol_2018_SWB",1676,c("id", "item", "resp")
"grit",37944,c("id", "item", "resp")
"project_kids_items",2085264,c("resp", "item", "wave", "person_id", "id")
"cdm_pisa00R",28470,c("item", "id", "resp", "Qmatrix__A1", "Qmatrix__A2", "Qmatrix__A3", "Qmatrix__A4", "Qmatrix__A5", "Qmatrix__A6", "Qmatrix__MC", "Qmatrix__CR")
"BSCS_fadplus_goto2021",10426,c("id", "age", "gender", "item", "resp")
"gilbert_meta_72",435609,c("cluster_id", "id", "item", "wave", "resp", "cov_female", "cov_age", "cov_grade", "treat", "e2_std12", "e2_std35", "test", "item_grade")
"kfcovid_Li2020",1320,c("id", "item", "resp")
"PROMISPFUE_2",20400,c("id", "item", "resp")
"idas_machado2024",240279,c("id", "item", "resp")
"BPAQ_Christopher_2024_PCL5",2180,c("id", "item", "resp")
"mq_supremecourt",53245,c("id", "item", "term", "resp", "date")
"empathizing_systemizing",1590720,c("id", "item", "resp")
"AAQ-II",10521,c("id", "age", "item", "resp")
"test_taking_patterns_over_time",511768,c("resp", "id", "subtest", "item", "form")
"PROMISPME_Forrest_2021_GHGlobal_Children",65430,c("id", "item", "resp")
"psychoneurotic_inventory",698204,c("id", "item", "resp")
"smacof_pvq40",6029,c("resp", "item", "id")
"gilbert_meta_55",26445,c("id", "cluster_id", "item", "resp", "treat", "cov_age", "cov_male", "cov_father_ed", "cov_mother_ed", "cov_income", "std_baseline")
"hads_multilcirt",2814,c("id", "item", "resp")
"EWAS_Sanford_2024_Flourish",3856,c("id", "item", "resp")
"enem_2020_1mil_cn",45000000,c("id", "item", "resp", "position", "booklet")
"NAMPRB_Siwiak_2024_BSR10",4680,c("id", "item", "resp")
"gilbert_meta_18",1809838,c("id", "cluster_id", "block_id", "item", "wave", "resp", "treat", "cov_female", "cov_age", "cov_father_literate", "cov_mother_literate")
"gilbert_meta_31",146583,c("id", "cluster_id", "block_id", "item", "wave", "resp", "treat", "cov_female", "cov_age")
"mpsycho_bsss",13008,c("resp", "item", "id")
"grit_BrummerHoffman_2021",14624,c("id", "group", "date", "age", "item", "resp")
"pisa2000_read",7987114,c("id", "item", "resp")
"gilbert_meta_15",35100,c("id", "cluster_id", "item", "resp", "treat", "cov_female", "cov_age", "std_baseline")
"quantshort",24000,c("resp", "item", "id")
"enem_2013_1mil_ch",44992035,c("id", "item", "resp", "position", "booklet")
"pisa2003_math",5933858,c("id", "item", "resp")
"kfcovid_fear_Li2020",770,c("id", "item", "resp")
"gilbert_meta_30",164735,c("block_id", "cluster_id", "id", "item", "wave", "resp", "treat", "cov_age", "cov_male")
"FEDSP_Trzcinska_2023_PRD",990,c("id", "item", "resp")
"enem_2017_1mil_mt",45000000,c("id", "item", "resp", "position", "booklet")
"gilbert_meta_60",53190,c("id", "block_id", "item", "wave", "resp", "treat", "tot", "cov_age", "cov_female")
"american_multiracial_face",117880,c("id", "item", "resp")
"EEEDPRM_Bulut_2021",9610,c("id", "gender", "age", "item", "resp", "position")
"SABFI2_Gallardo_Pujol_2018_Constru",5447,c("id", "item", "resp")
"gilbert_meta_32",162640,c("id", "cluster_id", "item", "wave", "resp", "cov_urban", "cov_age", "cov_male", "cov_repeat_grade", "treat")
"fad_dataset1",1512,c("resp", "age", "item", "id")
"psychotools_mathexam",9477,c("resp", "item", "id")
"enem_2015_1mil_ch",45000000,c("id", "item", "resp", "position", "booklet")
"COACH_Chen_2022_treatmentStigma",13722,c("id", "item", "wave", "resp")
"gilbert_meta_11",59246,c("id", "cluster_id", "block_id", "item", "resp", "treat", "cov_white", "cov_black", "cov_asian", "cov_hispanic", "cov_male", "cov_lep", "cov_iep", "cov_ses_low", "cov_ses_med", "cov_ses_high", "std_baseline")
"dass_Thiyagarajan2022",20391,c("id", "item", "resp")
"number_pattern_game",272700,c("resp", "item", "id")
"NAMPRB_Siwiak_2024_NEOFFI",16680,c("id", "item", "resp")
"QCDQES_Oliveira_2022",28854,c("id", "item", "resp")
"MEFSIRODGAS_Nileksela_2023_severity",45409,c("id", "age", "item", "resp")
"spelling2pronounce_edwards2023",629815,c("id", "item", "resp", "rater")
"PEMAIW_Qiu_2020_FFMQ",46176,c("id", "item", "resp", "group")
"mturkddm_by",132800,c("id", "block", "order", "rt", "resp", "item")
"sexual_compulsivity",33760,c("id", "item", "resp", "age")
"PROMISPME_Forrest_2021_Physical_Proxy",121418,c("id", "item", "resp")
"gilbert_meta_29",358480,c("block_id", "cluster_id", "id", "item", "wave", "resp", "treat", "cov_age", "cov_male")
"PROMISPME_Forrest_2021_MP_Children",104280,c("id", "item", "resp")
"ada_boredom_bieleke2022",6360,c("id", "item", "resp")
"gilbert_meta_68",439888,c("id", "cluster_id", "block_id", "item", "wave", "resp", "cov_female", "cov_age", "cov_grade", "treat", "test")
"mpsycho_asti",28225,c("resp", "item", "id")
"RD_PPCSEDSOF_Afable_2023",57299,c("id", "item", "resp")
"pisa2015_math",2730800,c("CNTSCHID", "id", "item", "resp", "rt")
"content_literacy_interention_g1",569316,c("id", "treat", "item", "resp")
"promis1wave1_depression",143840,c("id", "item", "resp")
"RD_PpSL7as_Ghasemy_2024_SL",2468,c("id", "item", "resp")
"psychtools_geras",23550,c("id", "item", "gender", "resp")
"16_personalityfactors",8012917,c("id", "item", "resp")
"g308_sirt",14940,c("resp", "testlet", "item", "id")
"GBJW_fadplus_goto2021",5614,c("id", "age", "gender", "item", "resp")
"VEI_Brazillian_Shiramizu_2018_IRI",19544,c("id", "item", "resp")
"vocab_assessment_3_to_8_year_old_children",30212,c("age_group", "age", "group", "aoa_german_comb", "sex", "german", "order", "source", "subjid", "chosencategory", "chosenposition", "targetword", "chosenword", "resp", "rt", "item", "id")
"SV-MAIA2_Randelovic_2021_DASS",4305,c("date", "id", "item", "resp")
"nature_relatedness",48704,c("id", "item", "resp", "rt")
"HEARD_Roch_2022_IDSS",7200,c("id", "item", "resp")
"deception_professors",11928,c("id", "item", "resp")
"political_psychology",404595,c("resp", "item", "date", "id")
"NAMPRB_Siwiak_2024_DESRPL",4816,c("id", "item", "resp")
"enem_2018_1mil_mt",45000000,c("id", "item", "resp", "position", "booklet")
"gilbert_meta_67",2215,c("id", "cluster_id", "item", "wave", "resp", "treat", "cov_age", "cov_male")
"FACES_Spanish_Vegas_2022_FACES",50232,c("id", "item", "resp")
"RDatasets_gssabortion",453698,c("resp", "id", "item", "age", "sex", "year")
"gilbert_meta_16",257458,c("id", "cluster_id", "block_id", "item", "wave", "resp", "cov_age", "cov_male", "treat")
"joreskog_moustaki_2001",4290,c("id", "item", "resp")
"NAMPRB_Siwiak_2024_AOT",1248,c("id", "item", "resp")
"hmcdm_spatialreasoning",3500,c("item", "id", "rt", "resp", "Qmatrix__1", "Qmatrix__2", "Qmatrix__3", "Qmatrix__4")
"enem_2017_1mil_lc",50000000,c("id", "item", "resp", "position", "booklet")
"enem_2017_1mil_ch",45000000,c("id", "item", "resp", "position", "booklet")
"introversion_extroversion",654108,c("id", "item", "resp", "rt")
"riasec",10791272,c("id", "item", "resp")
"estcrm_epia",5165,c("resp", "item", "id")
"CV_OASIS_ODSIS_PPE_Novak_2020_BFI",19280,c("id", "item", "resp", "group")
"COACH_Chen_2022_PHQ9",122645,c("id", "item", "wave", "resp")
"gilbert_meta_54",22560,c("id", "item", "wave", "resp", "treat", "cov_pursue_career", "cov_mobile_phone", "cov_attend_school", "cov_in_school")
"firstborn_personality",3179916,c("resp", "item", "date", "id")
"psychtools_ability",24400,c("resp", "item", "id")
"face_memory_test",309400,c("id", "item", "resp", "rt")
"PSR-P_Scale_Intimacy_Hakim_2018_Study3",21528,c("id", "figure", "item", "resp")
"psiq_woelk2022",25725,c("id", "study", "item", "resp")
"pisa2006_science",22644363,c("id", "item", "resp")
"promis_BrummerHoffman_2021.csv",109602,c("id", "group", "date", "age", "item", "resp")
"gilbert_meta_57",42840,c("id", "cluster_id", "item", "wave", "resp", "treat", "cov_age", "cov_household_size", "cov_educ", "cov_num_children")
"APFCompact_Ptacek_2024_AAQ_II",2093,c("id", "item", "resp")
"enem_2018_1mil_cn",45000000,c("id", "item", "resp", "position", "booklet")
"promis1wave1_anxiety",144194,c("id", "item", "resp")
"QADT_Kleka_2023",16308,c("id", "wave", "item", "resp")
"immer12_immer",720,c("resp", "rater", "item", "id")
"mpsycho_wilpat",36984,c("Age", "Gender", "item", "id", "LibCons", "LeftRight", "Country", "resp")
"SABFI2_Gallardo_Pujol_2018_Micro",2514,c("id", "item", "resp")
"mpsycho_learnemo",1110,c("resp", "item", "id")
"naep_multilcirt",18120,c("resp", "item", "id")
"psychtools_msq",292125,c("resp", "item", "id")
"PROMISPME_Forrest_2021_MP_Proxy",51040,c("id", "item", "resp")
"pisa2009_math",5390873,c("id", "item", "resp")
"motion",31800,c("id", "resp", "rt", "item")
"IJLS_Eersel_2024_ICECAP",995,c("id", "item", "resp")
"FACIT_YOUNT_2021_crqsasx",12160,c("id", "date", "item", "resp")
"figure_skating",23077,c("performance_type", "performance_id", "nation", "resp", "person_id", "item", "id")
"psychotools_conspiracist",36735,c("resp", "item", "id")
"beh_boredom_bieleke2022",12084,c("id", "item", "resp")
"audit_BrummerHoffman_2021",5484,c("id", "group", "date", "age", "item", "resp")
"gilbert_meta_39",68035,c("id", "cluster_id", "item", "resp", "treat", "school", "grade", "cov_ethnicity", "cov_home_lang", "cov_religion", "std_baseline")
"NARQing",49920,c("id", "ethnic_category", "item", "resp")
"LSHS-E_Quidaja_2022.csv",42624,c("id", "item", "resp")
"depression_anxiety_stress",2704700,c("id", "item", "resp", "rt")
"anxiety_lordif",22214,c("id", "item", "resp")
"famous_melodies",42876,c("id", "rater", "item", "resp", "rt")
"enem_2015_1mil_lc",40000000,c("id", "item", "resp", "position", "booklet")
"SABFI2_Gallardo_Pujol_2018_Trust",2095,c("id", "item", "resp")
"icar_sapa",1199896,c("resp", "item", "id")
"ffm_EST",10153410,c("id", "item", "resp", "rt")
